 [
    {
      "id": "1",
      "title": "The Lord of the Rings",
      "author": "J.R.R. Tolkien",
      "description": "Enter the richly detailed world of Middle-earth, where hobbits, elves, dwarves, and men join forces to thwart the dark lord Sauron's plans for domination. Follow Frodo Baggins and his companions on a perilous quest to destroy the One Ring and restore peace to the land.",
      "genre": "Epic Fantasy"
    }
    ,
    {
      "id": "2",
      "title": "A Song of Ice and Fire",
      "author": "George R.R. Martin",
      "description": "In the Seven Kingdoms of Westeros, noble houses vie for power in a deadly game of thrones. Amidst political intrigue and supernatural threats, characters grapple with love, betrayal, and honor in a sprawling epic that defies conventions.",
      "genre": "Epic Fantasy"
    },
    {
      "id": "3",
      "title": "The Wheel of Time",
      "author": "Robert Jordan",
      "description": "Embark on an epic journey across a world where magic weaves through the fabric of existence and prophecies shape the destinies of nations. As the Wheel turns and ages pass, heroes rise to confront the Dark One in a battle that will determine the fate of reality itself.",
      "genre": "Epic Fantasy"
    },
    {
      "id": "4",
      "title": "Harry Potter Series",
      "author": "J.K. Rowling",
      "description": "Follow the young wizard Harry Potter as he discovers his magical heritage and confronts the dark wizard Voldemort. From the halls of Hogwarts School of Witchcraft and Wizardry to the depths of the Forbidden Forest, embark on a journey of friendship, courage, and self-discovery.",
      "genre": "Fantasy"
    },    
    {
      "id": "5",
      "title": "Mistborn Trilogy",
      "author": "Brandon Sanderson",
      "description": "In a world where ash falls from the sky and mist cloaks the streets at night, a young street thief discovers she possesses a rare power that could change the fate of empires. With the help of an enigmatic mentor, she must master her abilities and unlock the secrets of her past.",
      "genre": "Fantasy"
    },    
    {
      "id": "6",
      "title": "The Witcher Series",
      "author": "Andrzej Sapkowski",
      "description": "Follow the adventures of Geralt of Rivia, a monster hunter known as a Witcher, as he navigates a world fraught with political intrigue, mythical creatures, and moral ambiguity. From slaying beasts to unraveling conspiracies, Geralt's path is fraught with danger and destiny.",
      "genre": "Fantasy"
    }
    
  ]